username,num_nominations,url
shavonnewong_,18,https://twitter.com/shavonnewong_
CarbonatedCred1,16,https://twitter.com/CarbonatedCred1
cryptopom1,15,https://twitter.com/cryptopom1
NiftyWhaleNFT,13,https://twitter.com/NiftyWhaleNFT
NFT_ish,12,https://twitter.com/NFT_ish
printsbymari,10,https://twitter.com/printsbymari
stephyfung,10,https://twitter.com/stephyfung
IndraTor,9,https://twitter.com/IndraTor
tina_eisen,9,https://twitter.com/tina_eisen
michellekconnop,9,https://twitter.com/michellekconnop
KateWoodmanArt,9,https://twitter.com/KateWoodmanArt
surrealistshay,8,https://twitter.com/surrealistshay
TalithaKingArt,8,https://twitter.com/TalithaKingArt
slaveofsaturn,8,https://twitter.com/slaveofsaturn
AshleyMarie_1,7,https://twitter.com/AshleyMarie_1
nftangel,7,https://twitter.com/nftangel
jlindsayfilm,7,https://twitter.com/jlindsayfilm
ImGlassCrown,7,https://twitter.com/ImGlassCrown
Smoltog,7,https://twitter.com/Smoltog
iamlirona,7,https://twitter.com/iamlirona
Ducks_and_Leeks,7,https://twitter.com/Ducks_and_Leeks
roxannedarling,7,https://twitter.com/roxannedarling
AnaIsabel_Photo,7,https://twitter.com/AnaIsabel_Photo
NFTGoddesses,6,https://twitter.com/NFTGoddesses
emackelder,6,https://twitter.com/emackelder
priyankap_patel,6,https://twitter.com/priyankap_patel
Swopes,6,https://twitter.com/Swopes
visualswithsam,6,https://twitter.com/visualswithsam
healingvisions,6,https://twitter.com/healingvisions
rebecca_bathory,6,https://twitter.com/rebecca_bathory
dianaesinclair,6,https://twitter.com/dianaesinclair
beckasaville,6,https://twitter.com/beckasaville
ARTJEDI1,6,https://twitter.com/ARTJEDI1
sarah_script,6,https://twitter.com/sarah_script
ExtendedVictory,6,https://twitter.com/ExtendedVictory
kas__vegas,6,https://twitter.com/kas__vegas
digitalartchick,6,https://twitter.com/digitalartchick
annamcnaughty,6,https://twitter.com/annamcnaughty
reginawamba,5,https://twitter.com/reginawamba
ToppyEton,5,https://twitter.com/ToppyEton
viroze,5,https://twitter.com/viroze
NFTtori,5,https://twitter.com/NFTtori
LisaODT,5,https://twitter.com/LisaODT
JimenaBuenaVida,5,https://twitter.com/JimenaBuenaVida
M1ssNft,5,https://twitter.com/M1ssNft
zosphotos,5,https://twitter.com/zosphotos
batyrgoreeva,5,https://twitter.com/batyrgoreeva
InfiniteMantra,5,https://twitter.com/InfiniteMantra
michellevonkalb,5,https://twitter.com/michellevonkalb
katecursed,5,https://twitter.com/katecursed
blakekathryn,5,https://twitter.com/blakekathryn
AkashiqueStudi0,5,https://twitter.com/AkashiqueStudi0
catfordcoates,5,https://twitter.com/catfordcoates
BoxheadTweets,4,https://twitter.com/BoxheadTweets
lifewithart_,4,https://twitter.com/lifewithart_
aylaelmoussa,4,https://twitter.com/aylaelmoussa
jenjustjen3,4,https://twitter.com/jenjustjen3
adultarts,4,https://twitter.com/adultarts
gracealmeradk,4,https://twitter.com/gracealmeradk
nekosmother,4,https://twitter.com/nekosmother
ClaireSilver12,4,https://twitter.com/ClaireSilver12
NikiLeSunshine1,4,https://twitter.com/NikiLeSunshine1
k_robitailleart,4,https://twitter.com/k_robitailleart
KJerzykPhoto,4,https://twitter.com/KJerzykPhoto
KristyGlas,4,https://twitter.com/KristyGlas
BgervillaN,4,https://twitter.com/BgervillaN
crypto__fantasy,4,https://twitter.com/crypto__fantasy
VjNeurite,4,https://twitter.com/VjNeurite
EmpressTrash,4,https://twitter.com/EmpressTrash
NinArt888,4,https://twitter.com/NinArt888
paranoidhill,4,https://twitter.com/paranoidhill
MarischaBecker,4,https://twitter.com/MarischaBecker
claudslr,4,https://twitter.com/claudslr
smeccea,4,https://twitter.com/smeccea
StrangeCintia,4,https://twitter.com/StrangeCintia
christlu,4,https://twitter.com/christlu
LIL_MISS_GNARLY,4,https://twitter.com/LIL_MISS_GNARLY
EKTZ_,4,https://twitter.com/EKTZ_
bekka,4,https://twitter.com/bekka
nakimushi2021,4,https://twitter.com/nakimushi2021
cathsimard_,4,https://twitter.com/cathsimard_
Nthestarrs,4,https://twitter.com/Nthestarrs
_katttykattt_,4,https://twitter.com/_katttykattt_
stellabelle,4,https://twitter.com/stellabelle
AkashaThorne,4,https://twitter.com/AkashaThorne
emilyrosemcg,4,https://twitter.com/emilyrosemcg
AncientFroggy,3,https://twitter.com/AncientFroggy
NftLisa,3,https://twitter.com/NftLisa
lindakristianse,3,https://twitter.com/lindakristianse
bailey_tattoo,3,https://twitter.com/bailey_tattoo
LooonaLou,3,https://twitter.com/LooonaLou
Catdju,3,https://twitter.com/Catdju
Zxyra_art,3,https://twitter.com/Zxyra_art
WARHODL,3,https://twitter.com/WARHODL
ResetNft,3,https://twitter.com/ResetNft
shape_jewelry,3,https://twitter.com/shape_jewelry
_Lillian_Liu,3,https://twitter.com/_Lillian_Liu
tiffanyliu,3,https://twitter.com/tiffanyliu
chussain,3,https://twitter.com/chussain
Ann_ahoy,3,https://twitter.com/Ann_ahoy
cryptoyuna,3,https://twitter.com/cryptoyuna
dariaagad_,3,https://twitter.com/dariaagad_
camille_chiang,3,https://twitter.com/camille_chiang
_mecyver,3,https://twitter.com/_mecyver
judeaz_,3,https://twitter.com/judeaz_
SwanVR,3,https://twitter.com/SwanVR
ABelitskaja,3,https://twitter.com/ABelitskaja
letsglitchit,3,https://twitter.com/letsglitchit
annettedll,3,https://twitter.com/annettedll
beansofjohn,3,https://twitter.com/beansofjohn
moni_the_rose,3,https://twitter.com/moni_the_rose
ParraSani,3,https://twitter.com/ParraSani
yapplebum,3,https://twitter.com/yapplebum
NedtzoArt,3,https://twitter.com/NedtzoArt
BxBstd,3,https://twitter.com/BxBstd
crypt0natrix,3,https://twitter.com/crypt0natrix
alivla,3,https://twitter.com/alivla
bellakotak,3,https://twitter.com/bellakotak
mich_viljoen,3,https://twitter.com/mich_viljoen
MadMaraca,3,https://twitter.com/MadMaraca
ZiggyRay,3,https://twitter.com/ZiggyRay
laurenmwash,3,https://twitter.com/laurenmwash
KilledByArts,3,https://twitter.com/KilledByArts
NoelleAnnWood,3,https://twitter.com/NoelleAnnWood
OriginalGoldCat,3,https://twitter.com/OriginalGoldCat
GumihoArtist,3,https://twitter.com/GumihoArtist
theAngieTaylor,3,https://twitter.com/theAngieTaylor
Em0n33y,3,https://twitter.com/Em0n33y
vlada_glinskaya,3,https://twitter.com/vlada_glinskaya
DianaPelenur,3,https://twitter.com/DianaPelenur
joujoupufffs,3,https://twitter.com/joujoupufffs
miggseye,3,https://twitter.com/miggseye
hellowoca,3,https://twitter.com/hellowoca
soniupeng,3,https://twitter.com/soniupeng
w3nja,2,https://twitter.com/w3nja
Katy_Mi_Sh,2,https://twitter.com/Katy_Mi_Sh
nikolinapetolas,2,https://twitter.com/nikolinapetolas
i_am_vishenka,2,https://twitter.com/i_am_vishenka
AutumnLeppla5,2,https://twitter.com/AutumnLeppla5
LaughAndBelly,2,https://twitter.com/LaughAndBelly
BruteforceW,2,https://twitter.com/BruteforceW
liannhng,2,https://twitter.com/liannhng
r_chl_,2,https://twitter.com/r_chl_
sim_one_one,2,https://twitter.com/sim_one_one
gabbyairhorn,2,https://twitter.com/gabbyairhorn
ArgentumTim,2,https://twitter.com/ArgentumTim
IpekMorel,2,https://twitter.com/IpekMorel
frida_why,2,https://twitter.com/frida_why
ChiaraMoreni,2,https://twitter.com/ChiaraMoreni
PtiteAngele,2,https://twitter.com/PtiteAngele
lethabohuma,2,https://twitter.com/lethabohuma
kvollstaedt,2,https://twitter.com/kvollstaedt
AbstractartA,2,https://twitter.com/AbstractartA
thesarahshow,2,https://twitter.com/thesarahshow
Hackatao,2,https://twitter.com/Hackatao
klepikovadaria,2,https://twitter.com/klepikovadaria
mis_mizery,2,https://twitter.com/mis_mizery
CrystalPNight,2,https://twitter.com/CrystalPNight
meluhdeeart,2,https://twitter.com/meluhdeeart
ArtLgp,2,https://twitter.com/ArtLgp
DaniellaDoodles,2,https://twitter.com/DaniellaDoodles
artbyjstelco,2,https://twitter.com/artbyjstelco
carla_batley,2,https://twitter.com/carla_batley
dongleehan,2,https://twitter.com/dongleehan
em_bergie,2,https://twitter.com/em_bergie
NatalieCrue,2,https://twitter.com/NatalieCrue
thebutterfleye,2,https://twitter.com/thebutterfleye
Ninocence,2,https://twitter.com/Ninocence
autpops,2,https://twitter.com/autpops
shootthismoment,2,https://twitter.com/shootthismoment
Casey_Chris_,2,https://twitter.com/Casey_Chris_
BerlisSanoja,2,https://twitter.com/BerlisSanoja
paintitbright,2,https://twitter.com/paintitbright
SimonartOnline,2,https://twitter.com/SimonartOnline
AnnaDreamBrush,2,https://twitter.com/AnnaDreamBrush
maalavidaaa,2,https://twitter.com/maalavidaaa
j_e_s_s_w,2,https://twitter.com/j_e_s_s_w
christinacyoung,2,https://twitter.com/christinacyoung
johakroft,2,https://twitter.com/johakroft
jlmaxcy,2,https://twitter.com/jlmaxcy
M0niqueSullivan,2,https://twitter.com/M0niqueSullivan
JaneGreenDream,2,https://twitter.com/JaneGreenDream
lilzidesigns,2,https://twitter.com/lilzidesigns
aurorae_art,2,https://twitter.com/aurorae_art
Eleathyra,2,https://twitter.com/Eleathyra
nftstories,2,https://twitter.com/nftstories
KatSheKittyBast,2,https://twitter.com/KatSheKittyBast
chelseaevenstar,2,https://twitter.com/chelseaevenstar
kenzeezy,2,https://twitter.com/kenzeezy
sarahjphotog,2,https://twitter.com/sarahjphotog
holalou_,2,https://twitter.com/holalou_
LindseyByrnes,2,https://twitter.com/LindseyByrnes
seherkis,2,https://twitter.com/seherkis
moosechildd,2,https://twitter.com/moosechildd
RoaringAuctions,2,https://twitter.com/RoaringAuctions
WearingFondness,2,https://twitter.com/WearingFondness
MeganWellsbury,2,https://twitter.com/MeganWellsbury
DartaArt,2,https://twitter.com/DartaArt
HoneyOlva,2,https://twitter.com/HoneyOlva
gabrielemoc_,2,https://twitter.com/gabrielemoc_
jencaywood,2,https://twitter.com/jencaywood
_ponygirl,2,https://twitter.com/_ponygirl
samanthacavet,2,https://twitter.com/samanthacavet
Ang_Ramm,2,https://twitter.com/Ang_Ramm
FranquiPaola,2,https://twitter.com/FranquiPaola
raven50mm,2,https://twitter.com/raven50mm
filmblanket,2,https://twitter.com/filmblanket
artbyeleven,2,https://twitter.com/artbyeleven
xmasteve,2,https://twitter.com/xmasteve
sleepylesbee,2,https://twitter.com/sleepylesbee
le_nifty,2,https://twitter.com/le_nifty
KeenVarela2,2,https://twitter.com/KeenVarela2
sheiladarcey,2,https://twitter.com/sheiladarcey
anafae_art,2,https://twitter.com/anafae_art
KalenIwamoto,2,https://twitter.com/KalenIwamoto
TaisKoshino,2,https://twitter.com/TaisKoshino
chelseamealo,2,https://twitter.com/chelseamealo
thisisnotgabs,2,https://twitter.com/thisisnotgabs
lizzy_qt,2,https://twitter.com/lizzy_qt
lanadenina,2,https://twitter.com/lanadenina
jarvinart,2,https://twitter.com/jarvinart
nfttank,2,https://twitter.com/nfttank
BLACKKSNEAKERS,2,https://twitter.com/BLACKKSNEAKERS
CallMeLatasha,2,https://twitter.com/CallMeLatasha
LyonnaLyu,2,https://twitter.com/LyonnaLyu
Strangebox_ltd,1,https://twitter.com/Strangebox_ltd
louvey6,1,https://twitter.com/louvey6
e_turgeneva,1,https://twitter.com/e_turgeneva
Mortem_Crawler,1,https://twitter.com/Mortem_Crawler
ValkyreiaN,1,https://twitter.com/ValkyreiaN
KhariArt28,1,https://twitter.com/KhariArt28
KateMacDonald,1,https://twitter.com/KateMacDonald
djamilaknopf,1,https://twitter.com/djamilaknopf
NFTignition,1,https://twitter.com/NFTignition
CraftyyBee,1,https://twitter.com/CraftyyBee
cpadron_art,1,https://twitter.com/cpadron_art
blue_mbk,1,https://twitter.com/blue_mbk
CalinaAyumi,1,https://twitter.com/CalinaAyumi
needlesxneedles,1,https://twitter.com/needlesxneedles
MaloriePoldi,1,https://twitter.com/MaloriePoldi
dielamaharanie,1,https://twitter.com/dielamaharanie
Lolamenthol,1,https://twitter.com/Lolamenthol
Eyeabovesky,1,https://twitter.com/Eyeabovesky
margarida_m,1,https://twitter.com/margarida_m
thegzdekz,1,https://twitter.com/thegzdekz
bochkareva_arts,1,https://twitter.com/bochkareva_arts
jackie_w_design,1,https://twitter.com/jackie_w_design
antikatinukai,1,https://twitter.com/antikatinukai
_sadmx,1,https://twitter.com/_sadmx
5Ksana,1,https://twitter.com/5Ksana
Pop_Skulture,1,https://twitter.com/Pop_Skulture
Sala7ef,1,https://twitter.com/Sala7ef
rishirajsinghs,1,https://twitter.com/rishirajsinghs
shellysoneja,1,https://twitter.com/shellysoneja
PXhita,1,https://twitter.com/PXhita
drawwriteplay,1,https://twitter.com/drawwriteplay
Vixen2Rock,1,https://twitter.com/Vixen2Rock
lanaeasteregg,1,https://twitter.com/lanaeasteregg
ByBiancaBeers,1,https://twitter.com/ByBiancaBeers
honey2dab,1,https://twitter.com/honey2dab
juliakponsford,1,https://twitter.com/juliakponsford
riceordie_,1,https://twitter.com/riceordie_
theblkchain,1,https://twitter.com/theblkchain
_player0ne_,1,https://twitter.com/_player0ne_
Thebadlament,1,https://twitter.com/Thebadlament
SoulD_CryptoArt,1,https://twitter.com/SoulD_CryptoArt
jfemiki,1,https://twitter.com/jfemiki
yesladypheOnix,1,https://twitter.com/yesladypheOnix
soulcurryart,1,https://twitter.com/soulcurryart
IrinaLiakh,1,https://twitter.com/IrinaLiakh
caatoshi,1,https://twitter.com/caatoshi
5Elnaz,1,https://twitter.com/5Elnaz
peachy_3d,1,https://twitter.com/peachy_3d
Vabyvel,1,https://twitter.com/Vabyvel
nicolemadethat,1,https://twitter.com/nicolemadethat
renechaffins,1,https://twitter.com/renechaffins
daddyweedbucks,1,https://twitter.com/daddyweedbucks
grelysian,1,https://twitter.com/grelysian
skywaterr,1,https://twitter.com/skywaterr
taramoves,1,https://twitter.com/taramoves
667R_,1,https://twitter.com/667R_
artbyyas,1,https://twitter.com/artbyyas
ElenaBrower,1,https://twitter.com/ElenaBrower
Jaime_Byrd,1,https://twitter.com/Jaime_Byrd
PrincessSamurai,1,https://twitter.com/PrincessSamurai
laurietalks,1,https://twitter.com/laurietalks
dulce303,1,https://twitter.com/dulce303
adryenn,1,https://twitter.com/adryenn
EmilyLazar_SM,1,https://twitter.com/EmilyLazar_SM
Shacole_Hamlett,1,https://twitter.com/Shacole_Hamlett
anfasesto,1,https://twitter.com/anfasesto
MehakJainArt,1,https://twitter.com/MehakJainArt
poly_annie,1,https://twitter.com/poly_annie
yoslehz,1,https://twitter.com/yoslehz
ppalma_design,1,https://twitter.com/ppalma_design
mahdieh_farhad,1,https://twitter.com/mahdieh_farhad
EllieZahedi,1,https://twitter.com/EllieZahedi
netacohen_og,1,https://twitter.com/netacohen_og
GabriellaBr,1,https://twitter.com/GabriellaBr
GaelleSeguillon,1,https://twitter.com/GaelleSeguillon
pepelangelo,1,https://twitter.com/pepelangelo
devsynart,1,https://twitter.com/devsynart
CubanToast27,1,https://twitter.com/CubanToast27
TheCrypDonut,1,https://twitter.com/TheCrypDonut
SassyM1417,1,https://twitter.com/SassyM1417
mscryptonaut,1,https://twitter.com/mscryptonaut
bitpixi,1,https://twitter.com/bitpixi
GiselFlorez,1,https://twitter.com/GiselFlorez
MJuventa,1,https://twitter.com/MJuventa
jelwebtv,1,https://twitter.com/jelwebtv
DebbieHdigital,1,https://twitter.com/DebbieHdigital
pianoandthefox,1,https://twitter.com/pianoandthefox
lillating,1,https://twitter.com/lillating
Lastie_7,1,https://twitter.com/Lastie_7
abbie_k,1,https://twitter.com/abbie_k
Bruna_A_V,1,https://twitter.com/Bruna_A_V
Nightjarr_,1,https://twitter.com/Nightjarr_
techjulie,1,https://twitter.com/techjulie
ivndrr,1,https://twitter.com/ivndrr
jsrphotos,1,https://twitter.com/jsrphotos
nisheink,1,https://twitter.com/nisheink
alterlier3,1,https://twitter.com/alterlier3
catherinejw_,1,https://twitter.com/catherinejw_
IllyKostova,1,https://twitter.com/IllyKostova
surrealbox,1,https://twitter.com/surrealbox
JoelleSnaith,1,https://twitter.com/JoelleSnaith
nixnixnixcrypto,1,https://twitter.com/nixnixnixcrypto
megbatphoto,1,https://twitter.com/megbatphoto
D_Art2021,1,https://twitter.com/D_Art2021
RomanceAndAils,1,https://twitter.com/RomanceAndAils
mindbender_art,1,https://twitter.com/mindbender_art
fatinqamber,1,https://twitter.com/fatinqamber
PoJenya,1,https://twitter.com/PoJenya
limitlessmindg1,1,https://twitter.com/limitlessmindg1
AmaliaCht,1,https://twitter.com/AmaliaCht
elenalitver,1,https://twitter.com/elenalitver
fuolkiss,1,https://twitter.com/fuolkiss
cosplayNFT,1,https://twitter.com/cosplayNFT
mollyyenergy,1,https://twitter.com/mollyyenergy
yuliababanova1,1,https://twitter.com/yuliababanova1
alienqueennft,1,https://twitter.com/alienqueennft
DZinovatnaya,1,https://twitter.com/DZinovatnaya
otkudanebo,1,https://twitter.com/otkudanebo
Avlevytska,1,https://twitter.com/Avlevytska
KINKYNFT,1,https://twitter.com/KINKYNFT
RedBerryWoman,1,https://twitter.com/RedBerryWoman
RedDawnFoster1,1,https://twitter.com/RedDawnFoster1
thevanessabowen,1,https://twitter.com/thevanessabowen
ThisIsMarlena,1,https://twitter.com/ThisIsMarlena
ladyranvore,1,https://twitter.com/ladyranvore
MDixken,1,https://twitter.com/MDixken
Ulkamak1,1,https://twitter.com/Ulkamak1
__UWABAMI__,1,https://twitter.com/__UWABAMI__
nilcathy,1,https://twitter.com/nilcathy
shavonnewong,1,https://twitter.com/shavonnewong
lilian_liu,1,https://twitter.com/lilian_liu
reneerobynphoto,1,https://twitter.com/reneerobynphoto
laurakillian,1,https://twitter.com/laurakillian
DesignCheeeese,1,https://twitter.com/DesignCheeeese
CircusQuip,1,https://twitter.com/CircusQuip
paloma_rincon_,1,https://twitter.com/paloma_rincon_
irockutah,1,https://twitter.com/irockutah
Sahartwork,1,https://twitter.com/Sahartwork
Gala_Mirissa,1,https://twitter.com/Gala_Mirissa
katyarrington,1,https://twitter.com/katyarrington
sainthooman,1,https://twitter.com/sainthooman
MichaelaMariaW,1,https://twitter.com/MichaelaMariaW
robynhaddow,1,https://twitter.com/robynhaddow
MikeMongo,1,https://twitter.com/MikeMongo
michelle_grepo,1,https://twitter.com/michelle_grepo
Herrera_saurus,1,https://twitter.com/Herrera_saurus
nebulaezz,1,https://twitter.com/nebulaezz
NukieTimtiman,1,https://twitter.com/NukieTimtiman
shantell_martin,1,https://twitter.com/shantell_martin
MIKASHU02,1,https://twitter.com/MIKASHU02
arditty,1,https://twitter.com/arditty
gozdemutluer,1,https://twitter.com/gozdemutluer
JonathanWinbush,1,https://twitter.com/JonathanWinbush
mvhvma,1,https://twitter.com/mvhvma
mkraplinger,1,https://twitter.com/mkraplinger
Kattysummers,1,https://twitter.com/Kattysummers
Scarlett_vfx,1,https://twitter.com/Scarlett_vfx
cryptopom,1,https://twitter.com/cryptopom
lindaryma,1,https://twitter.com/lindaryma
NanuBerks,1,https://twitter.com/NanuBerks
faithfetish1,1,https://twitter.com/faithfetish1
TammyLovin_,1,https://twitter.com/TammyLovin_
xeroxmott,1,https://twitter.com/xeroxmott
erksenia1,1,https://twitter.com/erksenia1
phavioulous,1,https://twitter.com/phavioulous
sshshln,1,https://twitter.com/sshshln
CryptoK4t,1,https://twitter.com/CryptoK4t
fiona_creates,1,https://twitter.com/fiona_creates
AndriiGrey,1,https://twitter.com/AndriiGrey
myung_cathy,1,https://twitter.com/myung_cathy
bunessaland,1,https://twitter.com/bunessaland
alliharvard,1,https://twitter.com/alliharvard
artbyotto,1,https://twitter.com/artbyotto
saratrejo05,1,https://twitter.com/saratrejo05
jacksheartt,1,https://twitter.com/jacksheartt
mbsjq,1,https://twitter.com/mbsjq
giselleangeles6,1,https://twitter.com/giselleangeles6
Arinabbart,1,https://twitter.com/Arinabbart
allygrounds,1,https://twitter.com/allygrounds
Misshattan,1,https://twitter.com/Misshattan
rarepizzas,1,https://twitter.com/rarepizzas
hicetnunc2000,1,https://twitter.com/hicetnunc2000
Kaodraws,1,https://twitter.com/Kaodraws
CortexJess,1,https://twitter.com/CortexJess
JulieDrehoff,1,https://twitter.com/JulieDrehoff
fid_jey,1,https://twitter.com/fid_jey
femalegazin,1,https://twitter.com/femalegazin
MorrowCollect,1,https://twitter.com/MorrowCollect
missalsimpson,1,https://twitter.com/missalsimpson
anaoanna,1,https://twitter.com/anaoanna
Selene_visuals,1,https://twitter.com/Selene_visuals
alicefox,1,https://twitter.com/alicefox
OlaPixel,1,https://twitter.com/OlaPixel
Sandy12253,1,https://twitter.com/Sandy12253
glyphassembler,1,https://twitter.com/glyphassembler
yolandadobrasil,1,https://twitter.com/yolandadobrasil
amanda_suita,1,https://twitter.com/amanda_suita
evequeiroz2,1,https://twitter.com/evequeiroz2
estelle_flores_,1,https://twitter.com/estelle_flores_
soyounleeart,1,https://twitter.com/soyounleeart
HaneyCanvas,1,https://twitter.com/HaneyCanvas
rainbowbunny21,1,https://twitter.com/rainbowbunny21
bygrida,1,https://twitter.com/bygrida
Ghostkaat,1,https://twitter.com/Ghostkaat
pleshkova_art,1,https://twitter.com/pleshkova_art
Gilmarmsmith,1,https://twitter.com/Gilmarmsmith
aliceinhysteria,1,https://twitter.com/aliceinhysteria
KinoAlyse,1,https://twitter.com/KinoAlyse
Zwistillus,1,https://twitter.com/Zwistillus
scenebyisabelle,1,https://twitter.com/scenebyisabelle
priyankapaints,1,https://twitter.com/priyankapaints
ninaleinwatter,1,https://twitter.com/ninaleinwatter
KamilaSzutenber,1,https://twitter.com/KamilaSzutenber
SunnyCrittenden,1,https://twitter.com/SunnyCrittenden
wondermundo,1,https://twitter.com/wondermundo
AmatToussaint,1,https://twitter.com/AmatToussaint
cryptotalli,1,https://twitter.com/cryptotalli
DanielStagner,1,https://twitter.com/DanielStagner
vwestphoto_nb,1,https://twitter.com/vwestphoto_nb
ethpets,1,https://twitter.com/ethpets
EndangeredNfts,1,https://twitter.com/EndangeredNfts
bdbranches,1,https://twitter.com/bdbranches
snackprotecc,1,https://twitter.com/snackprotecc
jyatrofsky,1,https://twitter.com/jyatrofsky
HawkwardArt,1,https://twitter.com/HawkwardArt
toppy,1,https://twitter.com/toppy
Artemis_Wylde,1,https://twitter.com/Artemis_Wylde
DianaRubiArt,1,https://twitter.com/DianaRubiArt
aaguedaa,1,https://twitter.com/aaguedaa
velpokes,1,https://twitter.com/velpokes
madebyams,1,https://twitter.com/madebyams
solovechkinaart,1,https://twitter.com/solovechkinaart
nomatterwhatev,1,https://twitter.com/nomatterwhatev
arcanaofwales,1,https://twitter.com/arcanaofwales
miss_deux,1,https://twitter.com/miss_deux
verticalcrypto,1,https://twitter.com/verticalcrypto
kassandracmplx,1,https://twitter.com/kassandracmplx
0xd3d3,1,https://twitter.com/0xd3d3
artbyrei,1,https://twitter.com/artbyrei
kaegabrielleart,1,https://twitter.com/kaegabrielleart
MejiaMercredi,1,https://twitter.com/MejiaMercredi
chissweetart,1,https://twitter.com/chissweetart
ParisHilton,1,https://twitter.com/ParisHilton
AnnaVivette,1,https://twitter.com/AnnaVivette
LeahLamarr,1,https://twitter.com/LeahLamarr
KingMizoMadeIt,1,https://twitter.com/KingMizoMadeIt
blackboxdotart,1,https://twitter.com/blackboxdotart
rson_em3,1,https://twitter.com/rson_em3
AmyGoalen,1,https://twitter.com/AmyGoalen
Isabel_Camille,1,https://twitter.com/Isabel_Camille
MEESHUNO,1,https://twitter.com/MEESHUNO
ahowc_,1,https://twitter.com/ahowc_
heykelseyj,1,https://twitter.com/heykelseyj
CryptoPastel,1,https://twitter.com/CryptoPastel
NoruPixels,1,https://twitter.com/NoruPixels
pointline_,1,https://twitter.com/pointline_
annibale_sic,1,https://twitter.com/annibale_sic
IamOliveAllen,1,https://twitter.com/IamOliveAllen
terranaomi,1,https://twitter.com/terranaomi
catheline,1,https://twitter.com/catheline
jennicamaephoto,1,https://twitter.com/jennicamaephoto
proportio,1,https://twitter.com/proportio
WillZwey,1,https://twitter.com/WillZwey
InspiredMindsFA,1,https://twitter.com/InspiredMindsFA
juliataft,1,https://twitter.com/juliataft
BlockchainQu33n,1,https://twitter.com/BlockchainQu33n
sasha_nft,1,https://twitter.com/sasha_nft
jerrysaltz,1,https://twitter.com/jerrysaltz
lindsayadler,1,https://twitter.com/lindsayadler
80sgirlart,1,https://twitter.com/80sgirlart
visualpotions,1,https://twitter.com/visualpotions
pinktofuart,1,https://twitter.com/pinktofuart
takiisbranding,1,https://twitter.com/takiisbranding
catgraffam,1,https://twitter.com/catgraffam
geometrieva,1,https://twitter.com/geometrieva
1PriyaMistry,1,https://twitter.com/1PriyaMistry
kate_didyk,1,https://twitter.com/kate_didyk
EbruKonal,1,https://twitter.com/EbruKonal
FemmeNFT,1,https://twitter.com/FemmeNFT
mobius__e,1,https://twitter.com/mobius__e
LMiroirs,1,https://twitter.com/LMiroirs
olgieshmolgie,1,https://twitter.com/olgieshmolgie
ellagracebell,1,https://twitter.com/ellagracebell
NicoleYorkPhoto,1,https://twitter.com/NicoleYorkPhoto
Eselcixo,1,https://twitter.com/Eselcixo
Andreartr99,1,https://twitter.com/Andreartr99
Xacoli_nft,1,https://twitter.com/Xacoli_nft
PaolaZunico,1,https://twitter.com/PaolaZunico
TB_Choi12,1,https://twitter.com/TB_Choi12
synticfaye,1,https://twitter.com/synticfaye
estherperbandt,1,https://twitter.com/estherperbandt
RobbinMilne,1,https://twitter.com/RobbinMilne
PauseandPattern,1,https://twitter.com/PauseandPattern
ls528art,1,https://twitter.com/ls528art
khole_emily,1,https://twitter.com/khole_emily
MargaretLabour,1,https://twitter.com/MargaretLabour
lahathala,1,https://twitter.com/lahathala
oliviarpowell,1,https://twitter.com/oliviarpowell
sashastiles,1,https://twitter.com/sashastiles
ameliemaiaa,1,https://twitter.com/ameliemaiaa
mumu_thestan,1,https://twitter.com/mumu_thestan
DianeDrubay,1,https://twitter.com/DianeDrubay
aljaparis,1,https://twitter.com/aljaparis
kedusade,1,https://twitter.com/kedusade
selayout,1,https://twitter.com/selayout
oanadu_com,1,https://twitter.com/oanadu_com
ezgitilkii,1,https://twitter.com/ezgitilkii
CryptoNovo311,1,https://twitter.com/CryptoNovo311
cynemical,1,https://twitter.com/cynemical
Jen_Stark,1,https://twitter.com/Jen_Stark
MTroino,1,https://twitter.com/MTroino
linchong_angel,1,https://twitter.com/linchong_angel
makfflury,1,https://twitter.com/makfflury
Elnazh9,1,https://twitter.com/Elnazh9
nikkisiuhaiart,1,https://twitter.com/nikkisiuhaiart
arialxjade,1,https://twitter.com/arialxjade
crypto_karens,1,https://twitter.com/crypto_karens
LizWeickumArt,1,https://twitter.com/LizWeickumArt
cat_brown_art,1,https://twitter.com/cat_brown_art
na_havanna,1,https://twitter.com/na_havanna
Unskilledworker,1,https://twitter.com/Unskilledworker
skyistheanswer,1,https://twitter.com/skyistheanswer
Jesswilloww,1,https://twitter.com/Jesswilloww
elleseh,1,https://twitter.com/elleseh
_andrea_arroyo,1,https://twitter.com/_andrea_arroyo
crownandpalette,1,https://twitter.com/crownandpalette
niliaahn,1,https://twitter.com/niliaahn
rootsdawtah,1,https://twitter.com/rootsdawtah
monicaseggos,1,https://twitter.com/monicaseggos
YuChenChiu,1,https://twitter.com/YuChenChiu
KarrieRoss,1,https://twitter.com/KarrieRoss
OilSherry,1,https://twitter.com/OilSherry
ArzuKoch,1,https://twitter.com/ArzuKoch
ClareMaguire,1,https://twitter.com/ClareMaguire
june_redthread,1,https://twitter.com/june_redthread
corinnegweber,1,https://twitter.com/corinnegweber
zenaviart,1,https://twitter.com/zenaviart
claracxw,1,https://twitter.com/claracxw
MOTHER_RUSSSIA_,1,https://twitter.com/MOTHER_RUSSSIA_
MomoUhOh,1,https://twitter.com/MomoUhOh
mintmaker,1,https://twitter.com/mintmaker
mumbot,1,https://twitter.com/mumbot
sorrellkerrison,1,https://twitter.com/sorrellkerrison
tanya_4d,1,https://twitter.com/tanya_4d
ryptorn,1,https://twitter.com/ryptorn
LuxElenaLux,1,https://twitter.com/LuxElenaLux
leeleeleelee337,1,https://twitter.com/leeleeleelee337
ellinaraincorn,1,https://twitter.com/ellinaraincorn
KatamkMk,1,https://twitter.com/KatamkMk
brush_busy,1,https://twitter.com/brush_busy
adayintheskyart,1,https://twitter.com/adayintheskyart
meancat13,1,https://twitter.com/meancat13
ludamilaludok,1,https://twitter.com/ludamilaludok
LanaLebed2,1,https://twitter.com/LanaLebed2
georgieyana,1,https://twitter.com/georgieyana
neentae,1,https://twitter.com/neentae
ina_vare,1,https://twitter.com/ina_vare
devinjaneart,1,https://twitter.com/devinjaneart
KitaniWorld,1,https://twitter.com/KitaniWorld
Madametheband,1,https://twitter.com/Madametheband
emmavolou_,1,https://twitter.com/emmavolou_
sianmorson,1,https://twitter.com/sianmorson
AKaiMorton,1,https://twitter.com/AKaiMorton
les_dore,1,https://twitter.com/les_dore
grimemonday,1,https://twitter.com/grimemonday
adakhun,1,https://twitter.com/adakhun
coin_artist,1,https://twitter.com/coin_artist
Almithera_,1,https://twitter.com/Almithera_
jordanbayne,1,https://twitter.com/jordanbayne
tayodamnshoes,1,https://twitter.com/tayodamnshoes
